Year,District,Rainfall_Range,SW_Monsoon_Normal,SW_Monsoon_Actual,NE_Monsoon_Normal,NE_Monsoon_Actual,Winter_Normal,Winter_Actual,Hot_Weather_Normal,Hot_Weather_Actual,Annual_Total_Normal,Annual_Total_Actual,Deviation_%
2020,Ariyalur,High,372.8,418.9,971.5,902.3,25.2,37.8,175.5,146.9,1545.0,1505.8,-2.54
2020,Chengalpattu,High,687.7,676.5,478.1,376.3,59.3,68.7,89.7,81.0,1314.8,1202.6,-8.54
2020,Chennai,High,326.1,379.4,689.5,764.4,17.7,34.2,98.9,119.2,1132.2,1297.2,14.58
2020,Coimbatore,High,437.5,425.7,673.2,593.3,76.4,80.2,179.5,206.2,1366.6,1305.4,-4.48
2020,Cuddalore,High,715.2,745.0,911.8,909.9,81.8,71.2,118.9,112.4,1827.6,1838.5,0.59
2020,Dharmapuri,High,526.4,542.3,846.2,768.5,64.3,60.4,190.5,212.5,1627.4,1583.7,-2.69
2020,Dindigul,High,630.5,553.8,555.1,564.0,96.4,96.6,154.4,166.1,1436.4,1380.5,-3.89
2020,Erode,High,423.9,428.3,725.3,793.3,73.5,78.2,88.9,95.8,1311.6,1395.6,6.41
2020,Kallakurichi,High,591.0,600.5,653.2,553.1,12.2,3.5,97.2,73.7,1353.8,1230.9,-9.08
2020,Kancheepuram,High,519.4,612.3,987.7,1106.5,51.5,52.3,158.1,183.6,1716.7,1954.7,13.86
2020,Karur,High,503.0,574.2,519.1,494.4,67.2,72.5,105.8,126.7,1195.1,1267.9,6.09
2020,Krishnagiri,Moderate,308.7,228.6,479.3,380.6,82.2,102.2,64.1,79.1,934.2,790.4,-15.39
2020,Madurai,High,243.0,300.4,974.2,987.8,17.3,32.1,176.5,161.0,1411.0,1481.2,4.98
2020,Mayiladuthurai,High,578.4,641.5,757.2,774.8,75.6,62.4,69.3,66.7,1480.5,1545.4,4.39
2020,Nagapattinam,Moderate,421.0,453.8,478.6,439.7,33.0,31.3,70.0,55.5,1002.6,980.2,-2.23
2020,Namakkal,High,668.5,699.3,421.1,309.9,47.5,44.7,163.0,145.2,1300.1,1199.0,-7.77
2020,Nilgiris,High,386.6,360.2,585.5,679.7,97.6,97.0,93.9,116.8,1163.6,1253.7,7.74
2020,Perambalur,High,515.4,527.0,316.6,363.3,24.8,35.5,85.6,99.9,942.4,1025.6,8.84
2020,Pudukkottai,High,621.8,561.9,782.4,811.4,29.2,14.0,119.6,112.8,1552.9,1500.1,-3.4
2020,Ramanathapuram,Moderate,214.3,149.3,468.3,369.5,43.8,57.9,147.5,133.2,873.9,709.9,-18.76
2020,Ranipet,High,499.0,419.0,584.2,592.2,40.3,41.4,146.2,172.0,1269.6,1224.6,-3.55
2020,Salem,High,480.3,442.9,445.5,458.5,43.2,31.8,117.8,131.4,1086.9,1064.5,-2.06
2020,Sivagangai,High,795.0,893.4,372.7,323.8,22.0,36.4,120.4,121.2,1310.1,1374.8,4.93
2020,Tenkasi,Moderate,515.4,486.7,332.2,294.4,22.6,38.0,165.5,151.2,1035.6,970.3,-6.3
2020,Thanjavur,High,713.0,632.5,964.2,988.1,50.6,45.1,151.6,130.1,1879.3,1795.9,-4.44
2020,Theni,High,556.0,563.0,718.0,659.2,54.6,38.2,88.5,97.0,1417.0,1357.5,-4.2
2020,Thoothukudi,Moderate,406.2,351.3,331.2,352.8,25.6,17.8,68.5,64.9,831.5,786.8,-5.37
2020,Tiruchirappalli,High,737.5,689.7,764.7,753.1,20.3,26.7,63.6,81.0,1586.1,1550.6,-2.24
2020,Tirunelveli,High,438.6,410.5,651.6,631.6,87.2,78.7,69.2,72.7,1246.6,1193.5,-4.26
2020,Tirupathur,High,562.3,525.5,353.4,338.0,67.2,58.5,194.2,195.8,1177.2,1117.8,-5.04
2020,Tiruppur,High,772.5,840.4,948.2,897.3,77.2,69.9,85.2,108.5,1883.2,1916.2,1.76
2020,Tiruvallur,High,439.1,408.0,501.7,429.4,88.4,84.2,138.1,157.8,1167.3,1079.3,-7.53
2020,Tiruvannamalai,High,721.2,675.9,737.3,764.4,54.7,38.5,147.8,128.1,1660.9,1606.8,-3.26
2020,Tiruvarur,High,617.9,680.5,503.5,531.1,59.2,68.8,181.1,184.9,1361.7,1465.3,7.61
2020,Vellore,High,273.1,346.0,992.1,1009.0,70.0,82.0,81.5,64.4,1416.8,1501.5,5.98
2020,Viluppuram,High,731.8,781.3,989.5,944.2,65.4,61.9,135.7,119.6,1922.4,1907.0,-0.8
2020,Virudhunagar,High,558.1,611.9,352.7,323.0,50.7,42.2,153.3,174.6,1114.8,1151.7,3.31
2020,Kanyakumari,Moderate,305.8,224.1,536.9,570.1,58.2,60.5,79.2,90.4,980.1,945.1,-3.57
2020,Nagapattinam (Old),High,301.8,257.4,859.7,858.4,20.6,29.9,95.0,103.2,1277.0,1248.9,-2.2
2021,Ariyalur,High,570.8,542.8,980.8,960.2,26.6,34.5,196.8,191.8,1775.0,1729.3,-2.57
2021,Chengalpattu,High,201.4,195.9,715.2,640.8,51.9,57.1,164.0,186.2,1132.4,1080.0,-4.63
2021,Chennai,High,772.1,860.1,355.3,297.7,60.7,54.7,83.5,93.5,1271.7,1306.0,2.7
2021,Coimbatore,High,630.1,629.5,523.8,597.8,83.5,84.9,105.6,97.3,1343.1,1409.6,4.95
2021,Cuddalore,High,748.0,760.9,559.3,520.4,90.3,94.1,66.6,40.3,1464.2,1415.7,-3.31
2021,Dharmapuri,High,603.1,603.6,520.0,565.0,23.8,12.4,98.1,126.8,1244.9,1307.7,5.05
2021,Dindigul,High,750.1,674.1,327.4,239.4,71.0,60.2,94.7,68.3,1243.1,1042.0,-16.18
2021,Erode,Moderate,209.4,267.0,404.0,497.6,81.9,93.7,168.0,139.3,863.2,997.5,15.56
2021,Kallakurichi,High,356.6,366.8,578.0,685.5,21.8,24.0,81.5,56.3,1037.8,1132.5,9.13
2021,Kancheepuram,High,769.0,763.7,308.3,339.9,60.8,50.4,60.6,68.3,1198.7,1222.3,1.97
2021,Karur,High,570.0,617.7,479.0,379.3,10.9,12.4,173.0,153.3,1233.0,1162.7,-5.7
2021,Krishnagiri,Moderate,403.9,353.8,422.6,433.9,17.7,36.9,76.6,68.3,920.9,892.8,-3.05
2021,Madurai,High,205.6,136.6,767.5,654.2,98.4,88.4,166.6,193.6,1238.1,1072.8,-13.35
2021,Mayiladuthurai,High,753.5,786.2,654.7,681.4,59.1,49.3,129.2,143.0,1596.5,1659.9,3.97
2021,Nagapattinam,Moderate,307.4,215.4,411.7,381.9,51.1,63.7,122.2,122.7,892.4,783.6,-12.19
2021,Namakkal,High,420.3,360.7,574.2,616.3,14.0,21.6,87.0,104.6,1095.5,1103.3,0.72
2021,Nilgiris,High,651.8,582.1,482.9,409.8,16.6,18.4,89.7,63.6,1241.0,1073.8,-13.47
2021,Perambalur,High,693.1,749.5,619.1,637.1,43.8,29.1,119.4,140.4,1475.4,1556.2,5.48
2021,Pudukkottai,High,662.1,590.1,975.1,939.4,79.4,81.4,185.7,183.7,1902.4,1794.7,-5.66
2021,Ramanathapuram,Moderate,217.5,187.3,480.3,440.9,53.5,68.5,98.6,121.4,849.9,818.0,-3.75
2021,Ranipet,High,265.8,342.2,873.5,883.7,42.8,54.6,104.5,110.8,1286.7,1391.3,8.13
2021,Salem,High,566.8,549.2,378.1,310.4,75.8,93.1,100.5,73.6,1121.1,1026.3,-8.46
2021,Sivagangai,High,600.3,683.7,621.6,510.5,44.1,43.6,103.4,112.7,1369.3,1350.5,-1.38
2021,Tenkasi,High,701.1,674.4,947.1,994.7,90.0,100.4,188.8,171.9,1927.0,1941.3,0.74
2021,Thanjavur,High,483.5,457.5,976.0,906.6,75.3,93.1,111.6,108.3,1646.4,1565.5,-4.92
2021,Theni,High,342.9,439.9,618.6,652.2,13.1,1.0,161.6,183.6,1136.3,1276.6,12.35
2021,Thoothukudi,High,541.0,573.0,928.7,1024.8,82.0,95.6,198.0,196.2,1749.7,1889.5,7.99
2021,Tiruchirappalli,Moderate,339.0,242.8,487.9,395.6,18.1,1.1,163.6,147.1,1008.7,786.5,-22.03
2021,Tirunelveli,High,649.9,620.4,923.4,1029.7,51.0,43.7,57.3,84.9,1681.7,1778.7,5.77
2021,Tirupathur,Moderate,323.4,286.6,601.7,536.4,38.2,20.6,120.0,145.8,1083.4,989.3,-8.68
2021,Tiruppur,High,279.2,183.6,929.9,1002.7,10.7,17.5,199.6,199.4,1419.4,1403.2,-1.14
2021,Tiruvallur,High,382.7,310.1,745.7,825.9,41.9,46.5,68.0,38.1,1238.3,1220.7,-1.42
2021,Tiruvannamalai,High,447.3,544.4,306.0,364.7,69.0,68.4,154.7,155.1,977.0,1132.7,15.94
2021,Tiruvarur,High,612.6,537.1,421.3,511.1,32.0,28.9,86.3,75.6,1152.2,1152.7,0.04
2021,Vellore,High,544.1,590.9,412.3,448.3,87.8,87.3,145.3,130.2,1189.5,1256.7,5.65
2021,Viluppuram,High,639.2,642.7,964.3,1044.7,86.0,84.6,137.9,120.6,1827.4,1892.6,3.57
2021,Virudhunagar,High,760.5,713.7,810.9,731.7,63.6,57.1,174.9,153.2,1809.9,1655.7,-8.52
2021,Kanyakumari,High,670.1,710.8,653.7,700.8,52.6,38.2,150.7,121.4,1527.0,1571.1,2.89
2021,Nagapattinam (Old),High,554.7,575.7,442.1,367.0,75.4,86.0,127.3,139.6,1199.4,1168.3,-2.6
2022,Ariyalur,High,676.3,762.9,570.7,576.7,30.4,42.6,51.5,72.4,1328.9,1454.7,9.47
2022,Chengalpattu,High,394.2,483.3,374.6,430.3,31.1,24.9,185.5,198.7,985.4,1137.3,15.41
2022,Chennai,High,453.6,363.8,673.8,711.8,32.6,25.7,151.5,159.0,1311.5,1260.3,-3.9
2022,Coimbatore,High,468.4,385.0,898.8,931.8,61.7,73.0,104.5,124.8,1533.5,1514.6,-1.23
2022,Cuddalore,Moderate,279.2,266.1,414.6,318.2,94.4,95.6,67.7,48.0,855.8,727.9,-14.95
2022,Dharmapuri,High,641.9,692.2,369.5,287.4,96.7,81.2,134.4,123.8,1242.4,1184.6,-4.65
2022,Dindigul,High,314.0,350.0,589.0,534.2,27.3,30.1,168.0,164.5,1098.4,1078.8,-1.78
2022,Erode,High,365.1,392.5,981.8,1042.6,97.0,84.9,120.2,99.2,1564.2,1619.2,3.52
2022,Kallakurichi,High,359.9,331.2,607.0,673.0,16.2,17.6,199.9,198.2,1182.9,1220.0,3.14
2022,Kancheepuram,High,429.7,480.1,465.4,367.3,95.3,93.2,85.1,83.6,1075.5,1024.2,-4.77
2022,Karur,High,493.5,409.6,431.2,366.6,77.5,82.0,153.2,156.3,1155.4,1014.4,-12.2
2022,Krishnagiri,High,526.6,482.9,465.6,520.9,20.4,35.1,156.9,160.8,1169.5,1199.7,2.58
2022,Madurai,High,417.7,509.5,593.8,694.6,74.6,86.7,111.5,88.3,1197.6,1379.1,15.15
2022,Mayiladuthurai,High,575.7,614.1,432.0,422.1,38.7,49.1,89.4,111.1,1135.7,1196.4,5.34
2022,Nagapattinam,Moderate,374.2,344.9,535.4,454.8,94.3,83.6,122.2,93.6,1126.1,976.8,-13.26
2022,Namakkal,Moderate,321.4,282.4,384.0,375.0,15.3,15.0,89.5,84.3,810.2,756.6,-6.62
2022,Nilgiris,Moderate,607.4,583.3,344.6,228.3,59.8,46.5,162.2,136.7,1174.0,994.7,-15.27
2022,Perambalur,High,761.1,781.5,554.3,541.0,74.1,81.2,76.1,48.8,1465.6,1452.6,-0.89
2022,Pudukkottai,High,362.9,333.2,799.5,818.6,47.2,44.3,184.0,199.0,1393.6,1395.0,0.1
2022,Ramanathapuram,High,212.4,293.6,974.6,881.0,30.2,19.5,125.3,154.7,1342.5,1348.8,0.47
2022,Ranipet,High,257.6,169.9,776.1,797.3,93.7,76.0,195.4,185.2,1322.8,1228.4,-7.13
2022,Salem,Moderate,223.6,145.5,353.4,268.7,35.2,22.7,182.1,165.7,794.3,602.6,-24.13
2022,Sivagangai,High,646.5,546.8,506.5,459.6,98.7,110.7,76.0,48.6,1327.6,1165.6,-12.21
2022,Tenkasi,High,772.0,788.0,487.7,394.4,18.6,21.4,180.3,210.0,1458.7,1413.9,-3.07
2022,Thanjavur,High,264.2,286.4,642.4,607.7,87.4,104.5,162.1,176.8,1156.0,1175.5,1.69
2022,Theni,High,426.0,381.0,523.3,494.0,81.4,63.6,117.3,127.6,1148.0,1066.2,-7.13
2022,Thoothukudi,High,489.6,588.6,904.9,1020.6,59.8,71.3,116.5,91.2,1570.8,1771.7,12.79
2022,Tiruchirappalli,High,355.2,406.8,636.8,579.9,81.9,84.1,178.6,181.8,1252.4,1252.5,0.01
2022,Tirunelveli,High,264.9,280.5,737.8,624.3,35.9,31.1,90.5,119.5,1129.1,1055.4,-6.53
2022,Tirupathur,High,531.8,559.6,340.0,334.2,37.8,52.2,190.4,218.1,1100.1,1164.2,5.83
2022,Tiruppur,High,528.7,582.4,487.9,466.4,83.5,86.1,88.0,61.6,1188.1,1196.5,0.71
2022,Tiruvallur,High,690.7,755.0,473.5,569.4,21.5,7.0,168.6,195.5,1354.3,1526.8,12.74
2022,Tiruvannamalai,High,578.9,634.8,636.2,525.8,22.0,23.6,54.1,60.8,1291.2,1245.0,-3.58
2022,Tiruvarur,High,291.0,311.8,632.5,585.8,11.3,4.9,132.9,116.4,1067.8,1018.9,-4.58
2022,Vellore,High,433.4,468.3,634.7,659.3,68.7,63.2,198.6,178.5,1335.3,1369.3,2.54
2022,Viluppuram,High,658.0,669.3,573.9,557.0,29.6,37.4,186.1,163.2,1447.5,1426.9,-1.42
2022,Virudhunagar,Moderate,469.5,406.7,360.0,254.5,66.5,80.0,119.7,122.1,1015.6,863.3,-15.0
2022,Kanyakumari,High,431.4,456.5,554.9,468.6,85.8,100.2,164.0,178.4,1236.1,1203.6,-2.63
2022,Nagapattinam (Old),High,531.4,467.4,814.3,714.7,15.6,10.7,127.8,128.9,1489.1,1321.6,-11.25
2023,Ariyalur,High,755.4,790.3,513.3,393.4,47.9,55.3,104.9,106.1,1421.4,1345.2,-5.37
2023,Chengalpattu,High,686.8,703.8,914.1,941.8,11.1,12.4,188.1,165.4,1800.2,1823.4,1.29
2023,Chennai,High,713.5,770.0,715.4,653.6,60.8,75.9,136.3,138.0,1625.9,1637.5,0.71
2023,Coimbatore,High,604.4,598.5,442.2,534.9,84.2,79.9,52.4,35.7,1183.2,1249.0,5.56
2023,Cuddalore,High,340.4,318.4,569.8,529.4,96.3,96.1,98.7,111.2,1105.2,1055.1,-4.53
2023,Dharmapuri,High,670.2,617.2,950.0,868.6,52.7,53.4,158.2,153.2,1831.1,1692.5,-7.57
2023,Dindigul,High,330.9,254.6,924.4,806.6,49.8,35.9,70.6,57.4,1375.6,1154.5,-16.07
2023,Erode,High,313.3,341.4,986.0,1042.8,33.0,16.1,194.3,166.8,1526.6,1567.1,2.65
2023,Kallakurichi,High,336.0,401.9,821.6,826.3,54.7,63.7,181.1,164.9,1393.4,1456.7,4.54
2023,Kancheepuram,Moderate,341.9,255.1,493.4,461.0,31.6,36.7,84.0,60.7,950.9,813.5,-14.44
2023,Karur,High,447.4,425.3,978.0,1022.1,33.7,32.6,181.9,205.6,1640.9,1685.6,2.73
2023,Krishnagiri,High,343.3,402.4,924.4,994.0,97.4,105.7,102.0,101.7,1467.1,1603.9,9.32
2023,Madurai,High,747.6,700.7,828.4,807.2,68.6,76.7,67.8,38.2,1712.3,1622.7,-5.23
2023,Mayiladuthurai,High,224.4,222.4,857.3,962.6,10.9,29.5,54.7,65.0,1147.3,1279.5,11.52
2023,Nagapattinam,High,393.1,464.5,673.9,747.8,23.8,10.1,111.4,96.2,1202.2,1318.6,9.68
2023,Namakkal,High,586.6,554.8,596.0,482.1,63.5,49.7,157.1,143.9,1403.2,1230.6,-12.3
2023,Nilgiris,High,578.1,612.7,843.8,792.2,42.7,41.0,113.6,143.6,1578.2,1589.6,0.72
2023,Perambalur,High,720.7,668.2,363.8,409.7,83.0,63.9,192.4,172.8,1359.9,1314.6,-3.33
2023,Pudukkottai,High,507.5,595.3,531.0,597.7,69.8,64.1,118.5,122.8,1226.9,1379.8,12.46
2023,Ramanathapuram,High,489.7,528.3,587.9,617.1,32.6,22.1,107.3,85.5,1217.5,1253.0,2.91
2023,Ranipet,High,369.3,403.7,690.1,664.1,23.7,17.0,123.0,116.7,1206.2,1201.5,-0.39
2023,Salem,High,424.0,341.9,624.6,732.8,97.4,113.5,108.4,106.2,1254.3,1294.5,3.2
2023,Sivagangai,High,719.6,700.5,734.9,845.3,15.7,35.4,68.8,81.1,1538.9,1662.3,8.01
2023,Tenkasi,High,219.7,179.4,742.5,676.7,80.3,84.6,50.8,76.5,1093.2,1017.3,-6.95
2023,Thanjavur,High,411.6,447.1,892.1,970.1,45.5,59.9,51.3,36.2,1400.5,1513.3,8.06
2023,Theni,High,456.4,542.6,618.4,557.6,57.4,44.6,63.0,86.8,1195.2,1231.6,3.05
2023,Thoothukudi,High,302.1,377.5,790.6,891.8,38.9,40.1,185.1,187.9,1316.7,1497.1,13.7
2023,Tiruchirappalli,High,785.4,716.8,652.9,684.9,96.7,105.7,101.6,109.9,1636.6,1617.2,-1.19
2023,Tirunelveli,Moderate,323.1,311.5,375.8,417.3,66.7,71.7,175.5,161.9,941.0,962.4,2.27
2023,Tirupathur,High,496.5,471.2,982.7,965.6,67.0,56.2,104.2,95.3,1650.3,1588.3,-3.76
2023,Tiruppur,Moderate,242.9,325.3,325.1,356.2,51.0,53.4,74.2,96.0,693.2,830.9,19.87
2023,Tiruvallur,High,646.5,657.4,372.8,479.8,77.1,73.1,94.7,120.8,1191.1,1331.0,11.75
2023,Tiruvannamalai,High,471.0,568.3,932.9,1003.4,71.7,55.1,79.0,55.0,1554.6,1681.8,8.18
2023,Tiruvarur,High,305.1,402.0,753.4,754.6,35.9,28.6,72.5,67.4,1166.9,1252.5,7.34
2023,Vellore,High,685.8,600.4,519.3,494.0,79.1,65.5,179.9,192.6,1464.0,1352.5,-7.62
2023,Viluppuram,High,451.3,422.7,462.9,549.8,71.7,87.6,149.1,124.1,1135.0,1184.2,4.34
2023,Virudhunagar,High,753.0,785.7,893.6,978.6,68.3,84.8,130.1,122.2,1844.9,1971.2,6.84
2023,Kanyakumari,High,403.5,423.4,813.5,930.8,75.7,66.2,151.2,162.4,1443.9,1582.8,9.62
2023,Nagapattinam (Old),High,247.8,148.0,747.4,663.4,46.3,60.7,190.7,175.9,1232.1,1048.0,-14.95
2024,Ariyalur,High,260.8,317.9,949.4,1064.6,84.7,72.9,58.3,83.9,1353.1,1539.3,13.76
2024,Chengalpattu,High,774.2,849.7,472.0,498.1,20.6,14.5,105.1,125.1,1371.9,1487.5,8.43
2024,Chennai,High,582.1,565.5,319.9,269.0,53.1,64.9,179.7,185.9,1134.8,1085.3,-4.36
2024,Coimbatore,High,633.2,614.3,807.0,835.5,64.6,70.4,150.3,139.1,1655.1,1659.3,0.25
2024,Cuddalore,Moderate,249.9,193.6,364.0,389.9,46.7,65.9,111.8,105.4,772.4,754.8,-2.28
2024,Dharmapuri,High,505.0,576.2,671.0,570.3,99.2,96.2,198.0,197.9,1473.2,1440.5,-2.22
2024,Dindigul,High,777.2,701.3,953.7,931.5,77.8,72.4,68.2,78.1,1876.9,1783.3,-4.98
2024,Erode,High,782.3,808.8,469.9,544.8,41.5,44.7,149.8,178.7,1443.4,1577.1,9.26
2024,Kallakurichi,High,450.2,499.0,852.0,762.7,37.4,52.7,146.3,176.1,1485.9,1490.5,0.31
2024,Kancheepuram,High,742.0,836.6,317.7,409.1,13.7,-4.1,136.7,157.7,1209.9,1399.3,15.65
2024,Karur,High,711.7,806.4,779.7,782.0,49.6,67.4,189.0,167.4,1730.1,1823.2,5.38
2024,Krishnagiri,High,667.9,606.6,902.3,1016.7,53.8,73.5,168.6,152.6,1792.5,1849.3,3.17
2024,Madurai,High,367.2,438.2,902.5,1003.4,47.6,61.6,122.8,133.1,1440.1,1636.3,13.63
2024,Mayiladuthurai,Moderate,333.0,322.6,521.0,486.2,42.2,45.4,128.9,135.9,1025.1,990.2,-3.41
2024,Nagapattinam,High,247.7,209.8,508.1,590.7,96.6,113.2,106.5,87.1,958.9,1000.7,4.36
2024,Namakkal,High,493.1,419.0,980.8,943.8,87.6,81.6,123.3,120.4,1684.8,1564.8,-7.12
2024,Nilgiris,High,586.2,596.3,923.6,837.4,21.7,4.0,95.3,79.5,1626.7,1517.2,-6.73
2024,Perambalur,High,386.9,481.2,951.7,996.9,15.6,8.4,77.6,89.4,1431.9,1576.0,10.07
2024,Pudukkottai,High,584.1,560.9,780.3,793.4,22.3,10.0,56.2,70.0,1442.9,1434.3,-0.59
2024,Ramanathapuram,Moderate,398.0,421.3,552.1,439.7,21.5,27.0,84.1,69.3,1055.7,957.3,-9.32
2024,Ranipet,High,735.5,807.6,463.6,480.3,20.7,6.6,105.5,128.9,1325.3,1423.4,7.4
2024,Salem,High,547.4,628.6,323.4,369.7,30.3,50.0,57.9,75.0,959.0,1123.3,17.13
2024,Sivagangai,High,431.4,470.9,638.9,653.8,79.0,86.9,153.0,135.4,1302.3,1346.9,3.42
2024,Tenkasi,High,480.6,570.8,622.4,537.6,16.6,23.0,74.0,82.7,1193.6,1214.1,1.72
2024,Thanjavur,Moderate,488.2,397.5,380.0,385.4,10.9,17.9,118.6,133.2,997.7,934.0,-6.38
2024,Theni,High,583.8,682.4,396.8,420.6,13.1,13.9,107.8,122.0,1101.5,1238.8,12.47
2024,Thoothukudi,High,458.4,456.4,715.6,622.2,26.1,26.1,60.7,48.5,1260.8,1153.2,-8.53
2024,Tiruchirappalli,High,766.4,759.9,895.0,993.7,86.9,75.0,160.1,140.5,1908.5,1969.1,3.18
2024,Tirunelveli,High,776.2,875.3,368.2,282.1,78.5,90.6,111.5,101.7,1334.5,1349.6,1.13
2024,Tirupathur,High,713.5,809.3,952.6,934.5,83.2,88.6,186.9,198.0,1936.2,2030.3,4.86
2024,Tiruppur,High,259.1,225.4,506.6,600.2,90.7,94.6,115.1,96.3,971.6,1016.6,4.63
2024,Tiruvallur,High,386.6,482.0,449.1,414.9,45.7,62.2,103.7,108.0,985.1,1067.1,8.33
2024,Tiruvannamalai,High,588.3,627.7,763.5,708.1,75.0,64.4,102.9,124.6,1529.7,1524.8,-0.32
2024,Tiruvarur,High,474.2,518.4,663.7,675.0,21.8,22.6,181.1,206.2,1340.8,1422.1,6.06
2024,Vellore,High,545.0,627.5,840.6,736.5,99.0,117.6,135.2,139.9,1619.8,1621.6,0.11
2024,Viluppuram,High,266.5,325.7,592.2,657.3,66.4,67.9,153.7,143.1,1078.8,1194.0,10.69
2024,Virudhunagar,High,671.4,762.9,471.4,440.0,12.3,21.1,115.8,139.7,1271.0,1363.7,7.29
2024,Kanyakumari,High,716.6,642.5,340.3,316.7,13.9,-6.0,152.3,179.2,1223.1,1132.4,-7.42
2024,Nagapattinam (Old),High,764.2,758.6,589.7,617.6,44.1,39.3,191.0,190.9,1589.0,1606.4,1.1
